{"cameraMode":{"drawMode":0,"name":"Shaded","section":"Shading Mode"},"sceneLighting":true,"audioPlay":false,"sceneViewState":{"m_AlwaysRefresh":false,"showFog":true,"showSkybox":false,"showFlares":true,"showImageEffects":true,"showParticleSystems":true,"showVisualEffectGraphs":true,"m_FxEnabled":false},"in2DMode":false,"pivot":{"x":-0.24332427978515626,"y":1.4619998931884766,"z":3.7814998626708986},"rotation":{"x":0.3232765793800354,"y":-0.17767544090747834,"z":0.06193603575229645,"w":0.9274110794067383},"size":43.95463562011719,"orthographic":false}