{"cameraMode":{"drawMode":0,"name":"Shaded","section":"Shading Mode"},"sceneLighting":false,"audioPlay":false,"sceneViewState":{"m_AlwaysRefresh":false,"showFog":true,"showSkybox":false,"showFlares":true,"showImageEffects":true,"showParticleSystems":true,"showVisualEffectGraphs":true,"m_FxEnabled":false},"in2DMode":false,"pivot":{"x":-15.179837226867676,"y":0.9996589422225952,"z":0.10205316543579102},"rotation":{"x":0.3232765793800354,"y":-0.17767544090747834,"z":0.06193603575229645,"w":0.9274110794067383},"size":2.655139446258545,"orthographic":false}